epoch,loss_align,loss_cls,loss_total,mmd2,progress,step,wall_time_s
1,1.4990546703338623,1.8219181716442108,3.320972830057144,0.14990546703338622,0.0031,20,4.3
1,0.8040587306022644,1.5319447636604309,2.336003506183624,0.08040587306022644,0.0064,40,6.0
1,0.4103966951370239,1.3369210362434387,1.7473177194595337,0.041039669513702394,0.0097,60,7.6
1,0.6307650804519653,1.0158458322286605,1.6466109156608582,0.06307650804519653,0.013,80,9.3
1,0.48750245571136475,0.9063207358121872,1.3938231855630874,0.048750245571136476,0.0163,100,10.9
1,0.5190608501434326,0.9217190951108932,1.4407799422740937,0.05190608501434326,0.0195,120,12.6
1,0.2438960075378418,0.9439428061246872,1.187838813662529,0.02438960075378418,0.0228,140,14.2
1,0.40155577659606934,0.7527061343193054,1.154261901974678,0.040155577659606936,0.0261,160,15.9
1,0.32559335231781006,0.6352756157517433,0.960868963599205,0.032559335231781006,0.0294,180,17.6
1,0.16974836587905884,0.6905601233243942,0.8603084832429886,0.016974836587905884,0.0327,200,19.3
2,0.41935282595017376,0.430641275118379,0.8499941089574028,0.04193528259501738,0.036,220,25.3
2,0.3417309522628784,0.4757418394088745,0.8174727976322174,0.03417309522628784,0.0393,240,26.9
2,0.07425427436828613,0.4978854306042194,0.5721396997570991,0.007425427436828613,0.0425,260,28.6
2,0.08055448532104492,0.5507590927183628,0.6313135854899883,0.008055448532104492,0.0458,280,30.2
2,0.2950873374938965,0.4529882833361626,0.7480756342411041,0.02950873374938965,0.0491,300,31.9
2,0.2906741499900818,0.5486198663711548,0.8392940148711204,0.029067414999008178,0.0524,320,33.5
2,0.37814927101135254,0.5548806264996529,0.9330299079418183,0.03781492710113525,0.0557,340,35.3
2,0.3475722670555115,0.6688944503664971,1.0164667248725892,0.03475722670555115,0.059,360,36.9
2,0.2621971368789673,0.5283209279179573,0.7905180647969245,0.026219713687896728,0.0622,380,38.5
2,0.18121516704559326,0.4865254253149033,0.6677405804395675,0.018121516704559325,0.0655,400,40.2
3,0.09563650403703962,0.47870415236268726,0.5743406563997269,0.009563650403703963,0.0688,420,43.4
3,0.3288666009902954,0.4315674252808094,0.7604340262711048,0.03288666009902954,0.0721,440,45.1
3,0.43322455883026123,0.49631496518850327,0.9295395076274872,0.04332245588302612,0.0754,460,46.7
3,0.19580429792404175,0.4371615029871464,0.6329657971858978,0.019580429792404173,0.0787,480,48.4
3,-0.04271745681762695,0.33988676518201827,0.2971693083643913,-0.004271745681762695,0.082,500,50.1
3,0.19180357456207275,0.3746795326471329,0.5664831049740314,0.019180357456207275,0.0852,520,51.8
3,0.5021257400512695,0.3540273353457451,0.8561530716717243,0.05021257400512695,0.0885,540,53.4
3,0.30150067806243896,0.434863593056798,0.7363642752170563,0.030150067806243897,0.0918,560,55.1
3,0.18338721990585327,0.45970811396837236,0.6430953294038773,0.018338721990585328,0.0951,580,56.7
3,0.23280072212219238,0.3769302416592836,0.6097309619188309,0.023280072212219238,0.0984,600,58.4
4,0.2618815682151101,0.355042466385798,0.6169240285049785,0.02618815682151101,0.1017,620,61.6
4,0.1015394926071167,0.39303188733756544,0.4945713821798563,0.01015394926071167,0.1049,640,63.3
4,0.10611867904663086,0.2907980255782604,0.39691670760512354,0.010611867904663086,0.1082,660,65.0
4,0.13558626174926758,0.3855786297470331,0.5211648911237716,0.013558626174926758,0.1115,680,66.7
4,0.2462676763534546,0.3484338968992233,0.5947015643119812,0.024626767635345458,0.1148,700,68.3
4,0.05671966075897217,0.30046365819871423,0.35718332007527354,0.005671966075897217,0.1181,720,70.0
4,0.22972381114959717,0.35956773944199083,0.589291549474001,0.022972381114959715,0.1214,740,71.6
4,0.2787940502166748,0.2744371768087149,0.553231231495738,0.02787940502166748,0.1247,760,73.3
4,0.14225590229034424,0.42388922572135923,0.5661451190710067,0.014225590229034423,0.1279,780,74.9
4,0.1691681146621704,0.3731287606060505,0.5422968812286854,0.01691681146621704,0.1312,800,76.6
5,-0.061033666133880615,0.3082824293524027,0.24724875949323177,-0.0061033666133880615,0.1345,820,79.9
5,0.4730677008628845,0.3277788681909442,0.8008465677499771,0.047306770086288454,0.1378,840,81.5
5,0.0003695487976074219,0.3710353160277009,0.3714048648253083,3.695487976074219e-05,0.1411,860,83.2
5,0.1486525535583496,0.36020627319812776,0.5088588319718838,0.014865255355834961,0.1444,880,84.8
5,0.3994830846786499,0.32368575520813464,0.7231688447296619,0.03994830846786499,0.1476,900,86.5
5,0.16222751140594482,0.334926313534379,0.49715382754802706,0.01622275114059448,0.1509,920,88.1
5,-0.050432801246643066,0.3325605772435665,0.28212777748703954,-0.0050432801246643065,0.1542,940,89.8
5,0.3029829263687134,0.33942914456129075,0.6424120724201202,0.030298292636871338,0.1575,960,91.4
5,0.13434720039367676,0.2611723508685827,0.3955195553600788,0.013434720039367676,0.1608,980,93.1
5,-0.05203986167907715,0.31465600728988646,0.26261614337563516,-0.0052039861679077145,0.1641,1000,94.8
6,0.2896137237548828,0.31823800727725027,0.6078517228364945,0.028961372375488282,0.1674,1020,98.1
6,0.05854082107543945,0.3074748691171408,0.366015687957406,0.005854082107543945,0.1706,1040,99.8
6,0.11668539047241211,0.28081203773617747,0.3974974311888218,0.011668539047241211,0.1739,1060,101.4
6,0.16312885284423828,0.2924450646154583,0.4555739160627127,0.016312885284423827,0.1772,1080,103.1
6,0.11687672138214111,0.30734844878315926,0.42422517016530037,0.011687672138214112,0.1805,1100,104.7
6,0.10818696022033691,0.2742060298100114,0.3823929913341999,0.010818696022033692,0.1838,1120,106.4
6,0.07305324077606201,0.2726828955113888,0.34573614224791527,0.007305324077606201,0.1871,1140,108.0
6,0.19401204586029053,0.21224728152155875,0.40625932775437834,0.019401204586029053,0.1903,1160,109.7
6,0.16790425777435303,0.25211913138628006,0.42002338282763957,0.0167904257774353,0.1936,1180,111.5
6,0.1335606575012207,0.2589645143598318,0.392525165528059,0.01335606575012207,0.1969,1200,113.1
7,-0.36338210105895996,0.23386844247579575,-0.1295136660337448,-0.036338210105895996,0.2002,1220,116.4
7,-0.0418248176574707,0.2404522718861699,0.19862745180726052,-0.00418248176574707,0.2035,1240,118.1
7,0.01613295078277588,0.2519761508330703,0.26810909882187844,0.0016132950782775878,0.2068,1260,119.7
7,0.1506335735321045,0.28282047584652903,0.4334540478885174,0.01506335735321045,0.2101,1280,121.4
7,0.2072899341583252,0.20081852804869413,0.4081084579229355,0.02072899341583252,0.2133,1300,123.0
7,-0.008302450180053711,0.2984377708286047,0.29013532102108003,-0.0008302450180053711,0.2166,1320,124.7
7,0.11253571510314941,0.23615672402083873,0.3486924387514591,0.011253571510314942,0.2199,1340,126.4
7,0.10998225212097168,0.26435680538415907,0.3743390552699566,0.010998225212097168,0.2232,1360,128.0
7,0.16593027114868164,0.3060086492449045,0.47193892411887645,0.016593027114868163,0.2265,1380,129.7
7,0.10663998126983643,0.2525740680284798,0.3592140547931194,0.010663998126983643,0.2298,1400,131.3
7,0.026717662811279297,0.24271303750574588,0.269430697709322,0.00267176628112793,0.233,1420,133.0
8,0.08949819364045795,0.19669636633051069,0.2861945523243201,0.008949819364045796,0.2363,1440,136.2
8,0.0971982479095459,0.26484434455633166,0.36204258911311626,0.00971982479095459,0.2396,1460,137.9
8,0.11657559871673584,0.2782933581620455,0.394868952780962,0.011657559871673584,0.2429,1480,139.6
8,-0.13364958763122559,0.269700575247407,0.13605098910629748,-0.013364958763122558,0.2462,1500,141.2
8,0.24172210693359375,0.17455838210880756,0.41628048159182074,0.024172210693359376,0.2495,1520,142.9
8,0.1600184440612793,0.22828824855387211,0.38830668553709985,0.01600184440612793,0.2528,1540,144.5
8,0.08892714977264404,0.27882195711135865,0.3677491061389446,0.008892714977264404,0.256,1560,146.2
8,0.053669512271881104,0.2512432483024895,0.3049127638339996,0.00536695122718811,0.2593,1580,147.9
8,0.2352982759475708,0.2397732561454177,0.47507153302431104,0.02352982759475708,0.2626,1600,149.5
8,0.197634756565094,0.18567676544189454,0.38331152126193047,0.019763475656509398,0.2659,1620,151.2
9,0.24713262915611267,0.23200172325596213,0.47913435054942966,0.024713262915611267,0.2692,1640,154.5
9,-0.14660966396331787,0.26802916303277013,0.12141949608922005,-0.014660966396331788,0.2725,1660,156.1
9,-0.11796557903289795,0.1808045987971127,0.06283901892602443,-0.011796557903289795,0.2757,1680,157.8
9,0.04831290245056152,0.20110769625753164,0.24942059814929962,0.004831290245056153,0.279,1700,159.4
9,0.03409874439239502,0.24363522827625275,0.2777339741587639,0.0034098744392395018,0.2823,1720,161.1
9,-0.07142031192779541,0.20105402171611786,0.12963371127843856,-0.007142031192779541,0.2856,1740,162.8
9,-0.035796165466308594,0.21022210121154786,0.17442593798041345,-0.0035796165466308594,0.2889,1760,164.4
9,0.03705465793609619,0.1913204412907362,0.22837510257959365,0.0037054657936096192,0.2922,1780,166.1
9,0.006483912467956543,0.18960784003138542,0.19609175249934196,0.0006483912467956543,0.2955,1800,167.8
9,0.05443871021270752,0.2187767367810011,0.27321545220911503,0.005443871021270752,0.2987,1820,169.4
10,-0.09289796535785382,0.2308322712779045,0.13793430477380753,-0.00928979653578538,0.302,1840,172.7
10,0.11384069919586182,0.36947169844061134,0.4833123967051506,0.011384069919586182,0.3053,1860,174.3
10,0.07679533958435059,0.3124286878854036,0.38922402188181876,0.007679533958435058,0.3086,1880,176.0
10,0.3455911874771118,0.2685853309929371,0.6141765128821135,0.034559118747711184,0.3119,1900,177.6
10,0.1445673704147339,0.25636542625725267,0.4009327910840511,0.014456737041473388,0.3152,1920,179.3
10,0.029278218746185303,0.23787122573703529,0.26714944578707217,0.00292782187461853,0.3184,1940,180.9
10,0.14891469478607178,0.28462929986417296,0.43354399874806404,0.014891469478607177,0.3217,1960,182.7
10,-0.21921658515930176,0.17400864474475383,-0.04520793929696083,-0.021921658515930177,0.325,1980,184.4
10,-0.1466156244277954,0.20001046396791936,0.05339483991265297,-0.014661562442779542,0.3283,2000,186.0
10,0.1573014259338379,0.26765062306076287,0.4249520493671298,0.01573014259338379,0.3316,2020,187.7
11,-0.11855959892272949,0.2075455967336893,0.08898600041866303,-0.01185595989227295,0.3349,2040,190.8
11,-0.036102890968322754,0.20314857065677644,0.16704567819833754,-0.0036102890968322753,0.3382,2060,192.5
11,-0.10239279270172119,0.1824153102003038,0.08002251647412777,-0.01023927927017212,0.3414,2080,194.2
11,-0.03229570388793945,0.21211295789107681,0.1798172514885664,-0.003229570388793945,0.3447,2100,195.8
11,0.020029544830322266,0.1501041170791723,0.17013366781175138,0.0020029544830322266,0.348,2120,197.6
11,-0.18069970607757568,0.28789311265572903,0.10719340778887272,-0.018069970607757568,0.3513,2140,199.2
11,0.23502016067504883,0.25323887998238204,0.4882590439170599,0.023502016067504884,0.3546,2160,200.8
11,-0.09322106838226318,0.24129011947661638,0.14806905649602414,-0.009322106838226318,0.3579,2180,202.5
11,0.05469405651092529,0.1885190062224865,0.24321306124329567,0.005469405651092529,0.3611,2200,204.2
11,-0.08060061931610107,0.20693446723744274,0.12633384829387068,-0.008060061931610107,0.3644,2220,205.9
12,0.22497824260166713,0.21703581724848067,0.4420140577214105,0.022497824260166714,0.3677,2240,209.1
12,0.19263768196105957,0.21208671294152737,0.4047243993729353,0.01926376819610596,0.371,2260,210.7
12,0.39031022787094116,0.38307714369148016,0.7733873737975955,0.03903102278709412,0.3743,2280,212.4
12,0.18077147006988525,0.31698658019304277,0.49775804951786995,0.018077147006988526,0.3776,2300,214.1
12,0.1275479793548584,0.25065168365836143,0.3781996570527554,0.01275479793548584,0.3809,2320,215.7
12,-0.056470274925231934,0.1822990129701793,0.12582874521613122,-0.005647027492523193,0.3841,2340,217.4
12,0.17981910705566406,0.20250525381416082,0.3823243580758572,0.017981910705566408,0.3874,2360,219.1
12,0.015293240547180176,0.17510383566841484,0.19039707258343697,0.0015293240547180175,0.3907,2380,220.7
12,-0.2948697805404663,0.16990082408301532,-0.12496895864605903,-0.029486978054046632,0.394,2400,222.4
12,0.0689624547958374,0.19185013852547855,0.2608125951141119,0.00689624547958374,0.3973,2420,224.0
