epoch,grad_norm,loss_cls,loss_perturbed,loss_total,progress,sharpness_gap,step,wall_time_s
1,7.348490738868714,1.584852322936058,1.660325175523758,1.660325175523758,0.0031,0.0754728525876999,20,3.5
1,10.727967834472656,0.9393952697515487,1.0558187186717987,1.0558187186717987,0.0064,0.11642344892024994,40,5.4
1,10.410295510292054,0.6794281810522079,0.790875107049942,0.790875107049942,0.0097,0.11144692599773406,60,7.2
1,10.595263600349426,0.5294694252312183,0.6452918827533722,0.6452918827533722,0.013,0.11582245752215385,80,9.0
1,9.131823182106018,0.3995519161224365,0.49982716962695123,0.49982716962695123,0.0163,0.10027525350451469,100,10.8
1,7.953121662139893,0.40584873855113984,0.49186679124832156,0.49186679124832156,0.0195,0.0860180526971817,120,12.6
1,8.903496420383453,0.33329085893929006,0.43313792794942857,0.43313792794942857,0.0228,0.09984706901013851,140,14.4
1,8.734380269050598,0.3611065559089184,0.45469469875097274,0.45469469875097274,0.0261,0.09358814284205437,160,16.2
1,8.411667442321777,0.287979331985116,0.38103861957788465,0.38103861957788465,0.0294,0.09305928759276867,180,18.0
1,8.083521628379822,0.2972513005137444,0.387135224044323,0.387135224044323,0.0327,0.08988392353057861,200,19.8
2,5.178388539482565,0.17921250587438836,0.23657346735982335,0.23657346735982335,0.036,0.05736096137586762,220,26.0
2,7.421997964382172,0.19674767851829528,0.2805584754794836,0.2805584754794836,0.0393,0.08381079696118832,240,27.9
2,6.115300476551056,0.18703678138554097,0.2550003416836262,0.2550003416836262,0.0425,0.06796356029808522,260,29.7
2,6.565914630889893,0.18852135576307774,0.26093658097088335,0.26093658097088335,0.0458,0.07241522520780563,280,31.5
2,7.23154069185257,0.2268993506208062,0.3080999214202166,0.3080999214202166,0.0491,0.08120057079941034,300,33.3
2,6.386050593852997,0.1885981883853674,0.26069402396678926,0.26069402396678926,0.0524,0.07209583558142185,320,35.1
2,8.271708023548126,0.26692494507879017,0.3603901322931051,0.3603901322931051,0.0557,0.09346518721431493,340,36.9
2,6.383312857151031,0.2557273549959064,0.32602684684097766,0.32602684684097766,0.059,0.07029949184507131,360,38.7
2,7.096555840969086,0.22719804979860783,0.30663274340331553,0.30663274340331553,0.0622,0.07943469360470772,380,40.5
2,7.806656897068024,0.24376607723534108,0.3294355094432831,0.3294355094432831,0.0655,0.08566943220794201,400,42.4
3,5.033702492713928,0.15931770178888524,0.21395243917192733,0.21395243917192733,0.0688,0.054634737383042066,420,45.7
3,6.23891584277153,0.15687382919713855,0.22808361276984215,0.22808361276984215,0.0721,0.07120978347957134,440,47.5
3,5.94383385181427,0.19273397605866194,0.25859769694507123,0.25859769694507123,0.0754,0.06586372088640928,460,49.3
3,5.739294171333313,0.12387305828742683,0.19322505723685027,0.19322505723685027,0.0787,0.06935199908912182,480,51.2
3,6.424629628658295,0.18510520756244658,0.25899976044893264,0.25899976044893264,0.082,0.07389455288648605,500,53.0
3,5.1028351306915285,0.12912003174424172,0.18680822290480137,0.18680822290480137,0.0852,0.057688191160559656,520,54.8
3,5.940627694129944,0.12119282083585858,0.19223190285265446,0.19223190285265446,0.0885,0.07103908201679587,540,56.6
3,4.8434987485408785,0.12955217733979224,0.18459869865328074,0.18459869865328074,0.0918,0.055046521313488486,560,58.4
3,6.248206025362014,0.1679959491826594,0.2385871484875679,0.2385871484875679,0.0951,0.07059119930490851,580,60.2
3,5.037419918179512,0.10107067497447134,0.16118482798337935,0.16118482798337935,0.0984,0.06011415300890803,600,62.0
4,4.141013752330434,0.10294668240980669,0.14985894005406986,0.14985894005406986,0.1017,0.04691225764426318,620,65.4
4,5.527372777462006,0.15016119852662085,0.2111214954406023,0.2111214954406023,0.1049,0.060960296913981436,640,67.2
4,4.625572949647903,0.09711701986379921,0.15114395115524532,0.15114395115524532,0.1082,0.05402693119831383,660,69.0
4,6.115396478772164,0.14194625844247638,0.2120395725592971,0.2120395725592971,0.1115,0.0700933141168207,680,70.9
4,5.580557057261467,0.10038903383538127,0.16390554243698716,0.16390554243698716,0.1148,0.06351650860160589,700,72.7
4,4.363801658153534,0.10399765642359853,0.1554388938471675,0.1554388938471675,0.1181,0.051441237423568965,720,74.5
4,6.759319657087326,0.11485373666509986,0.19579876884818076,0.19579876884818076,0.1214,0.08094503218308091,740,76.3
4,5.359988689422607,0.11476575126871466,0.1765584135428071,0.1765584135428071,0.1247,0.061792662274092434,760,78.1
4,4.299638372659683,0.07562433411367238,0.1280032285489142,0.1280032285489142,0.1279,0.05237889443524182,780,79.9
4,5.975519585609436,0.12303536776453257,0.1913039840757847,0.1913039840757847,0.1312,0.06826861631125211,800,81.7
5,4.532790824770927,0.14105185121297836,0.1907165478914976,0.1907165478914976,0.1345,0.04966469667851925,820,85.0
5,3.3207220435142517,0.07339682668680325,0.1126149701885879,0.1126149701885879,0.1378,0.03921814351342619,840,86.9
5,3.988625653833151,0.0699687241751235,0.1199782085372135,0.1199782085372135,0.1411,0.050009484263136984,860,88.7
5,4.037778426706791,0.06968756332062184,0.11998448190279305,0.11998448190279305,0.1444,0.0502969185821712,880,90.5
5,4.88985442519188,0.09433575039729476,0.15706191435456276,0.15706191435456276,0.1476,0.06272616405040025,900,92.3
5,5.02361586689949,0.12598137939348816,0.18282474372535945,0.18282474372535945,0.1509,0.056843364331871274,920,94.1
5,3.7537025809288025,0.08534381936769933,0.13111408287659287,0.13111408287659287,0.1542,0.04577026332262903,940,95.9
5,3.747615137696266,0.07455188689054922,0.11852611564099788,0.11852611564099788,0.1575,0.043974228715524075,960,97.7
5,2.865929904580116,0.05136387660168111,0.08818771997466683,0.08818771997466683,0.1608,0.03682384327985346,980,99.5
5,3.231414330005646,0.04157482792506926,0.08563108255621046,0.08563108255621046,0.1641,0.04405625471845269,1000,101.3
6,3.919155168533325,0.07245613103732466,0.12056030668318271,0.12056030668318271,0.1674,0.04810417592525482,1020,104.6
6,3.2661245599389077,0.05522003555670381,0.09628884680569172,0.09628884680569172,0.1706,0.041068811318837106,1040,106.4
6,2.9553816229104997,0.04088290081126615,0.07994244988076389,0.07994244988076389,0.1739,0.03905954919755459,1060,108.2
6,3.823477141186595,0.05620994020719081,0.1021812101593241,0.1021812101593241,0.1772,0.045971269934671,1080,110.1
6,4.462543714046478,0.0869017243385315,0.1414746157824993,0.1414746157824993,0.1805,0.05457289144396782,1100,111.9
6,3.176974208652973,0.05489001465030015,0.09424883876927197,0.09424883876927197,0.1838,0.03935882416553795,1120,113.7
6,3.463022217154503,0.062338905921205875,0.1074894388206303,0.1074894388206303,0.1871,0.045150532480329277,1140,115.5
6,2.7964611023664476,0.051793194317724556,0.08697696737945079,0.08697696737945079,0.1903,0.03518377299187705,1160,117.3
6,3.377966412715614,0.0542485780766583,0.09718163143843413,0.09718163143843413,0.1936,0.04293305334285833,1180,119.1
6,3.8423843190073965,0.07826361759798602,0.1250699377153069,0.1250699377153069,0.1969,0.04680632026866079,1200,120.9
7,5.3695467710494995,0.07196006737649441,0.13894528523087502,0.13894528523087502,0.2002,0.06698521785438061,1220,124.3
7,3.440934293344617,0.051918850769288837,0.09482098888838664,0.09482098888838664,0.2035,0.0429021381190978,1240,126.1
7,3.1474712578579784,0.04886096536065452,0.09071081196307204,0.09071081196307204,0.2068,0.04184984662570059,1260,127.9
7,3.917412057518959,0.07178059665020556,0.122831457760185,0.122831457760185,0.2101,0.05105086090043187,1280,129.7
7,3.212105244398117,0.03420722333248705,0.08092996152117848,0.08092996152117848,0.2133,0.04672273863106966,1300,131.6
7,5.057079404592514,0.08692558293696492,0.14904740289784968,0.14904740289784968,0.2166,0.06212182010058313,1320,133.4
7,2.244612416625023,0.04011250147013925,0.06981052362825721,0.06981052362825721,0.2199,0.029698022361844777,1340,135.2
7,2.940800356864929,0.038591959164477885,0.08091499879956246,0.08091499879956246,0.2232,0.04232303942553699,1360,137.0
7,4.526010820269585,0.07181674127932638,0.128158424468711,0.128158424468711,0.2265,0.05634168344549835,1380,138.8
7,3.3625708267092707,0.04291177429258823,0.08280179225839675,0.08280179225839675,0.2298,0.03989001815207303,1400,140.6
7,3.665647619962692,0.06290389068890363,0.11317929532378912,0.11317929532378912,0.233,0.05027540484443307,1420,142.4
8,5.880955012221086,0.11364107436843608,0.18137338973189654,0.18137338973189654,0.2363,0.06773231541247744,1440,145.8
8,3.780158869922161,0.07715041097253561,0.12044180356897413,0.12044180356897413,0.2396,0.04329139259643853,1460,147.6
8,4.568795982375741,0.06002136673196219,0.11638770992867649,0.11638770992867649,0.2429,0.056366343382978815,1480,149.4
8,5.8156139105558395,0.12617813007673248,0.1947212869534269,0.1947212869534269,0.2462,0.06854315707460046,1500,151.2
8,3.183915051817894,0.060215062205679716,0.0988001985475421,0.0988001985475421,0.2495,0.038585136318579315,1520,153.1
8,3.748309901356697,0.051217300485586745,0.09856707307044417,0.09856707307044417,0.2528,0.04734977293992415,1540,154.9
8,3.88550833016634,0.07643842508550733,0.12341996743343771,0.12341996743343771,0.256,0.04698154234793037,1560,156.7
8,2.2904058526270092,0.03505200604267884,0.06441228553012479,0.06441228553012479,0.2593,0.02936027953401208,1580,158.5
8,2.6583926556631923,0.04102180698682787,0.07746783030161168,0.07746783030161168,0.2626,0.036446023239113855,1600,160.3
8,3.5886915192008018,0.07416938226670027,0.11760814446024596,0.11760814446024596,0.2659,0.043438762240111825,1620,162.1
9,3.0248434003442526,0.04868787697341759,0.0855824287282303,0.0855824287282303,0.2692,0.036894551827572286,1640,165.5
9,2.8650726079940796,0.039192888035904615,0.07834414695389569,0.07834414695389569,0.2725,0.03915125885978341,1660,167.3
9,2.0148542338982223,0.032027527934405955,0.05807518752408214,0.05807518752408214,0.2757,0.026047659682808443,1680,169.1
9,1.784313577413559,0.027852739277295768,0.05276394815882668,0.05276394815882668,0.279,0.024911208951380104,1700,170.9
9,1.4939161403104664,0.015413935958349612,0.041177878598682584,0.041177878598682584,0.2823,0.02576394270872697,1720,172.7
9,3.683435844257474,0.049170101672643796,0.09820101886289194,0.09820101886289194,0.2856,0.0490309172833804,1740,174.5
9,2.811576979421079,0.04496378667390673,0.08355535559821874,0.08355535559821874,0.2889,0.03859156887629069,1760,176.4
9,3.656372311711311,0.05120149432914332,0.09903086400590837,0.09903086400590837,0.2922,0.04782936964184046,1780,178.2
9,2.5540846645832063,0.035073695972096176,0.06876042778603733,0.06876042778603733,0.2955,0.033686731732450424,1800,180.0
9,2.144252936542034,0.026493948795541657,0.056120759807527065,0.056120759807527065,0.2987,0.02962681123317452,1820,181.8
10,1.9682631825025265,0.025353130821783382,0.05269393138587475,0.05269393138587475,0.302,0.027340800859607182,1840,185.1
10,2.338064010441303,0.031179387087468056,0.06274748913710937,0.06274748913710937,0.3053,0.0315681018808391,1860,186.9
10,2.9882603116333484,0.04247315468965098,0.0811192613095045,0.0811192613095045,0.3086,0.038646106817759575,1880,188.8
10,2.3499430909752848,0.03291678158566356,0.06427998698782175,0.06427998698782175,0.3119,0.03136320573976263,1900,190.6
10,1.5472267795354129,0.0161910267022904,0.03944284141762182,0.03944284141762182,0.3152,0.02325181446503848,1920,192.4
10,3.1606023298576473,0.04662579954456305,0.08442050113226288,0.08442050113226288,0.3184,0.03779470144072548,1940,194.2
10,2.280166729167104,0.028559971737558955,0.05987693595816381,0.05987693595816381,0.3217,0.031316964339930566,1960,196.0
10,1.441340796649456,0.018197556145605632,0.03770955512300134,0.03770955512300134,0.325,0.01951199916074984,1980,197.8
10,1.7730165923014283,0.021037429646821693,0.046085590170696376,0.046085590170696376,0.3283,0.025048160611186178,2000,199.6
10,2.673381942138076,0.04137522421369795,0.07303386226994917,0.07303386226994917,0.3316,0.03165863800095394,2020,201.4
11,2.366213246434927,0.02632691587205045,0.06053394638001919,0.06053394638001919,0.3349,0.034207030083052814,2040,204.7
11,3.5432858020067215,0.043937855697004126,0.08826842244016006,0.08826842244016006,0.3382,0.04433056691195816,2060,206.6
11,2.402945576608181,0.036716009763767946,0.06755794286727905,0.06755794286727905,0.3414,0.03084193323738873,2080,208.4
11,2.585489498730749,0.029716266664036085,0.0658006112644216,0.0658006112644216,0.3447,0.036084344606206284,2100,210.2
11,2.3301588647067546,0.027481309924041852,0.06177412070101127,0.06177412070101127,0.348,0.034292810456827284,2120,212.0
11,3.962186275422573,0.04105330783640966,0.09163488810881973,0.09163488810881973,0.3513,0.050581579888239504,2140,213.8
11,3.6648088570684196,0.04866989916190505,0.09584691654890776,0.09584691654890776,0.3546,0.04717701748013496,2160,215.6
11,2.2384830564260483,0.024674219021108,0.05778517078142613,0.05778517078142613,0.3579,0.03311095199314877,2180,217.5
11,3.5587775737047194,0.06373653489426942,0.106845787120983,0.106845787120983,0.3611,0.043109252367867154,2200,219.3
11,2.353981510549784,0.03531454334734008,0.06729655202943832,0.06729655202943832,0.3644,0.03198200868209824,2220,221.1
12,2.5434743804591045,0.02968395235283034,0.06124768938337054,0.06124768938337054,0.3677,0.03156373683097107,2240,224.4
12,2.6954936940222978,0.03587358142831363,0.07102984118973836,0.07102984118973836,0.371,0.035156259714858605,2260,226.2
12,2.305521207675338,0.0239361025254766,0.056464473748928865,0.056464473748928865,0.3743,0.032528371218359095,2280,228.1
12,2.0063420847058295,0.02181703809474129,0.05208160164766014,0.05208160164766014,0.3776,0.03026456399820745,2300,229.9
12,3.3039712443947793,0.031662936741486195,0.07669464054051786,0.07669464054051786,0.3809,0.045031703182030466,2320,231.7
12,3.2002926003187895,0.03881064110173611,0.0822674217633903,0.0822674217633903,0.3841,0.04345678107929416,2340,233.5
12,1.9096258774399757,0.020263387120212428,0.048280800716020165,0.048280800716020165,0.3874,0.0280174134648405,2360,235.3
12,1.7610603005625307,0.014541024852951523,0.04391557443886995,0.04391557443886995,0.3907,0.02937454965140205,2380,237.1
12,2.5092706545023247,0.03094851582918636,0.06586586271550914,0.06586586271550914,0.394,0.034917346969268695,2400,238.9
12,2.8092456931248306,0.03006344745081151,0.06911592578398995,0.06911592578398995,0.3973,0.03905247852380853,2420,240.7
13,1.7870719470083714,0.025003572343848646,0.04685298015829176,0.04685298015829176,0.4006,0.021849407872650772,2440,244.0
13,2.911319498158991,0.037843241913651585,0.0747083758295048,0.0747083758295048,0.4038,0.03686513389111497,2460,245.8
13,2.583732233941555,0.028940939831954893,0.0651700035086833,0.0651700035086833,0.4071,0.03622906395466998,2480,247.6
13,2.590351890027523,0.0336116089951247,0.0675639788620174,0.0675639788620174,0.4104,0.033952369610778986,2500,249.4
13,1.74421090639662,0.019553365823230705,0.04509198211671901,0.04509198211671901,0.4137,0.025538616468111286,2520,251.3
13,1.5453250050544738,0.012752747812191956,0.03758130576461553,0.03758130576461553,0.417,0.024828558112494646,2540,253.1
13,1.5623762238770724,0.012103146280423971,0.03585539631458232,0.03585539631458232,0.4203,0.02375224989373237,2560,254.9
13,1.028510019555688,0.01038312833479722,0.028957445587730037,0.028957445587730037,0.4236,0.01857431714015547,2580,256.8
13,1.6443340407684446,0.014152259103138932,0.0397832992603071,0.0397832992603071,0.4268,0.02563104031723924,2600,258.6
13,2.7304615154862404,0.032224257418420166,0.0722945524379611,0.0722945524379611,0.4301,0.04007029521744698,2620,260.4
14,11.369524955749512,0.20136605203151703,0.3216248154640198,0.3216248154640198,0.4334,0.12025876343250275,2640,263.7
14,2.951301363669336,0.047075720847351475,0.08329056240036152,0.08329056240036152,0.4367,0.03621484126779251,2660,265.6
14,3.2520996287465094,0.04014936442254111,0.08109083324670792,0.08109083324670792,0.44,0.040941468859091404,2680,267.4
14,1.1955994382500648,0.010717949527315796,0.03130907025188208,0.03130907025188208,0.4433,0.0205911208409816,2700,269.2
14,2.6539159156382084,0.020529422059189527,0.0579585200175643,0.0579585200175643,0.4465,0.03742909737629816,2720,271.1
14,2.0125142972916366,0.020693301016581244,0.050043011468369515,0.050043011468369515,0.4498,0.02934971039649099,2740,272.9
14,2.1422348279505967,0.024763028189045144,0.05608843780646566,0.05608843780646566,0.4531,0.031325409715645944,2760,274.7
14,2.5043535362929106,0.03140000753555796,0.06438265778997447,0.06438265778997447,0.4564,0.032982649910263714,2780,276.5
14,1.619308179989457,0.019638357286748943,0.044865209190174934,0.044865209190174934,0.4597,0.02522685198346153,2800,278.3
14,2.5950069811195133,0.02947546970390249,0.06869241757085547,0.06869241757085547,0.463,0.039216947718523444,2820,280.1
14,2.161851970106363,0.022355218330631033,0.05376369506120682,0.05376369506120682,0.4663,0.031408476491924374,2840,281.9
15,1.731487221394976,0.01552472959479524,0.04349926661234349,0.04349926661234349,0.4695,0.02797453719540499,2860,285.3
15,1.2080410301685334,0.01478662427944073,0.035844560677651315,0.035844560677651315,0.4728,0.02105793626396917,2880,287.1
15,3.1718704759143295,0.041363905860634986,0.08285766735498327,0.08285766735498327,0.4761,0.04149376124551054,2900,288.9
15,2.7479303181171417,0.04523974058392923,0.080179012066219,0.080179012066219,0.4794,0.034939271927578376,2920,290.7
15,1.563766436651349,0.019584301736904307,0.04158003983320668,0.04158003983320668,0.4827,0.021995738230179994,2940,292.5
15,1.3765890760347248,0.016710114638044615,0.03514777712043724,0.03514777712043724,0.486,0.018437662729411386,2960,294.3
15,0.9290806260891259,0.008881885944356327,0.02593232372455532,0.02593232372455532,0.4892,0.01705043767724419,2980,296.2
15,2.6984992251731454,0.023120321215537844,0.060288544269860724,0.060288544269860724,0.4925,0.03716822328569833,3000,298.0
15,3.0640044756233693,0.037199852184858176,0.07687921478645876,0.07687921478645876,0.4958,0.03967936257831752,3020,299.8
15,1.9179353473242373,0.018191224468682776,0.04679539188073249,0.04679539188073249,0.4991,0.028604167490266265,3040,301.6
16,1.0774695650363961,0.013498266172367343,0.02905521606298862,0.02905521606298862,0.5024,0.015556950014918887,3060,304.9
16,2.3915117673575876,0.02478553710388951,0.05680007057671901,0.05680007057671901,0.5057,0.03201453347719507,3080,306.7
16,2.6493655756115913,0.039165750774554906,0.07225317822303623,0.07225317822303623,0.509,0.03308742713415995,3100,308.6
16,1.918121642107144,0.026138487194111805,0.051821838937758005,0.051821838937758005,0.5122,0.02568335168543854,3120,310.4
16,1.5673913151957095,0.017065173355513254,0.0384968598591513,0.0384968598591513,0.5155,0.021431686474534216,3140,312.2
16,1.9917699098587036,0.021867402684438274,0.04809016332728788,0.04809016332728788,0.5188,0.02622276070760563,3160,314.0
16,1.373578420688864,0.01624601791791065,0.03487645868444815,0.03487645868444815,0.5221,0.018630440752167486,3180,315.8
16,0.6960861364379525,0.005307223593990784,0.020161738133174366,0.020161738133174366,0.5254,0.014854514451872091,3200,317.6
16,2.1794772490859033,0.020459605984979135,0.05108888204704272,0.05108888204704272,0.5287,0.030629275948740542,3220,319.4
16,2.04497143663466,0.020120593190949877,0.049363454557897056,0.049363454557897056,0.5319,0.029242861703096423,3240,321.2
17,2.3137276793519654,0.03443247351484994,0.06311717311230798,0.06311717311230798,0.5352,0.02868469951984783,3260,324.5
17,1.4869940454140305,0.011073935695458203,0.03777434340445325,0.03777434340445325,0.5385,0.02670040788361803,3280,326.4
17,4.424461908638477,0.07328362326370552,0.12824404072016476,0.12824404072016476,0.5418,0.054960417130496354,3300,328.2
17,1.6087899884209036,0.016675658480380662,0.0403633926413022,0.0403633926413022,0.5451,0.023687734091072343,3320,330.0
17,2.8929422460496426,0.04107890468440019,0.07776617016643286,0.07776617016643286,0.5484,0.036687265697401016,3340,331.8
17,1.8266470465809106,0.021392100778757594,0.04648515391163528,0.04648515391163528,0.5517,0.025093053124146537,3360,333.7
17,0.9666272837668657,0.010214714623725741,0.02546446670603473,0.02546446670603473,0.5549,0.015249752064119094,3380,335.5
17,0.3670264890417457,0.003047534391225781,0.010335026509710587,0.010335026509710587,0.5582,0.007287491986062378,3400,337.4
17,1.8138905621046433,0.024829234028732116,0.048814232774202534,0.048814232774202534,0.5615,0.02398499849950895,3420,339.2
17,2.4830441564321517,0.029554417956387625,0.06265717125497758,0.06265717125497758,0.5648,0.03310275347903371,3440,341.0
18,1.9479236445493169,0.02590379523785992,0.05132596611252262,0.05132596611252262,0.5681,0.025422170939337876,3460,344.4
18,1.2584672136232258,0.015770764439366758,0.032605926936957984,0.032605926936957984,0.5714,0.016835162555798887,3480,346.3
18,1.3052411371376365,0.009347700033322326,0.030510042130481453,0.030510042130481453,0.5746,0.021162341990566345,3500,348.1
18,2.4158930346369742,0.025910457417194267,0.061186625904520044,0.061186625904520044,0.5779,0.0352761687579914,3520,350.0
18,2.961398562043905,0.03605812432360835,0.07425644664908759,0.07425644664908759,0.5812,0.03819832220906392,3540,351.9
18,2.6059111323207618,0.030850684476899915,0.06672889440087601,0.06672889440087601,0.5845,0.03587820943503175,3560,353.7
18,3.129396763443947,0.04884715424850583,0.08874344783835113,0.08874344783835113,0.5878,0.039896293566562234,3580,355.6
18,1.6386486062780024,0.019988119399931746,0.04476699107908644,0.04476699107908644,0.5911,0.024778871826129034,3600,357.4
18,1.2347411998547613,0.009840709875425091,0.030286153603810817,0.030286153603810817,0.5944,0.0204454438702669,3620,359.3
18,1.4053885322529822,0.01808213148979121,0.03982775470940396,0.03982775470940396,0.5976,0.021745623298920692,3640,361.1
19,1.1738902839521568,0.009067376027815044,0.030623321537859738,0.030623321537859738,0.6009,0.021555945936900873,3660,364.5
19,2.4459139768965543,0.018581274913594827,0.05486672743281815,0.05486672743281815,0.6042,0.03628545271640178,3680,366.4
19,2.431775294058025,0.02788204946991755,0.06333048063679599,0.06333048063679599,0.6075,0.03544843121198937,3700,368.2
19,1.4607992245815695,0.016616045849514195,0.038488546406733805,0.038488546406733805,0.6108,0.021872500417521222,3720,370.1
19,1.3181256484240294,0.0112399884063052,0.034651590656721964,0.034651590656721964,0.6141,0.023411602253327148,3740,372.0
19,1.4280788218602538,0.012656272757158148,0.035851622244808826,0.035851622244808826,0.6173,0.02319534947164357,3760,373.9
19,2.876793363696197,0.05007501625382247,0.08846500239815214,0.08846500239815214,0.6206,0.038389986088986916,3780,375.8
19,2.6079358864575624,0.033355821145232764,0.07020866845268756,0.07020866845268756,0.6239,0.03685284685343504,3800,377.6
19,3.6083939762786033,0.04513704581295315,0.0909487388053094,0.0909487388053094,0.6272,0.0458116927620722,3820,379.5
19,2.1060619756579397,0.02122498151147738,0.05265776952728629,0.05265776952728629,0.6305,0.03143278814386576,3840,381.4
