disc_acc,epoch,grl_alpha,loss_cls,loss_domain,loss_total,progress,step,wall_time_s
0.7302083536982537,1,0.007800619419126431,1.490885502099991,0.5543541103601456,2.045239621400833,0.0031,20,5.5
0.8625000178813934,1,0.024218730716329684,0.8390463039278984,0.36518308371305463,1.2042293816804885,0.0064,40,7.2
0.8583333492279053,1,0.04062378850029012,0.5736496850848198,0.3924515530467033,0.9661012500524521,0.0097,60,9.0
0.7989583492279053,1,0.057006974001184915,0.47146896868944166,0.4371086940169334,0.9085776686668396,0.013,80,10.7
0.5458333507180214,1,0.07335951549482186,0.3609704725444317,0.813854455947876,1.1748249381780624,0.0163,100,12.5
0.15520833786576987,1,0.08967270701157595,0.5155116721987725,3.0930954933166506,3.608607119321823,0.0195,120,14.2
0.20729167349636554,1,0.10593792674621624,35.66334977671504,688.1934508800507,723.8568156719208,0.0228,140,16.0
0.20937500707805157,1,0.12214665508654443,888.8220212459564,23662.793530273437,24551.615991210936,0.0261,160,17.7
0.5052083477377891,1,0.13829049218172096,6104.3794616699215,23409.50364074707,29513.88310546875,0.0294,180,19.6
0.5125000149011611,1,0.15436117497469218,789.2965782165527,308.6544101715088,1097.9509979248046,0.0327,200,21.3
0.47058825107181773,2,0.17154733995876656,14.316948806538301,21.704490549424115,36.02143904742073,0.036,220,28.1
0.5052083507180214,2,0.18625080727059035,3.934768545627594,15.548549842834472,19.483318328857422,0.0393,240,29.9
0.4843750149011612,2,0.2020540590201491,2.715391528606415,16.18348846435547,18.89888005256653,0.0425,260,31.6
0.473958346247673,2,0.21775279019715396,2.5483272552490233,16.71124596595764,19.25957326889038,0.0458,280,33.3
0.49062501490116117,2,0.23333965370728887,2.4768717169761656,17.934685897827148,20.411557483673096,0.0491,300,35.1
0.5281250193715096,2,0.24880752653112453,2.572975718975067,17.39552493095398,19.968500709533693,0.0524,320,36.9
0.49895834773778913,2,0.2641495212880721,2.8445739269256594,21.80075149536133,24.64532527923584,0.0557,340,38.7
0.49062501192092894,2,0.279358996841732,3.186042594909668,24.544164752960206,27.73020734786987,0.059,360,40.5
0.5135416835546494,2,0.2944295679209793,3.005178141593933,28.1681471824646,31.17332525253296,0.0622,380,42.2
0.491666679084301,2,0.3093551137375728,3.355951929092407,35.25703468322754,38.61298666000366,0.0655,400,43.9
0.5014881044626236,3,0.3263359677941513,4.242172122001648,45.61683327811105,49.85900524684361,0.0688,420,47.4
0.4989583447575569,3,0.3387480134294051,6.621968948841095,54.32559185028076,60.94756088256836,0.0721,440,49.1
0.4927083447575569,3,0.35320451144012166,11.52448832988739,69.6390338897705,81.16352272033691,0.0754,460,50.9
0.5093750223517418,3,0.3674942825521622,13.288995265960693,81.41775035858154,94.70674552917481,0.0787,480,52.7
0.49166667461395264,3,0.3816126219850341,19.90846652984619,100.39208526611328,120.30055198669433,0.082,500,54.5
0.530208344757557,3,0.39555511978652225,24.530816268920898,127.22478713989258,151.75560417175294,0.0852,520,56.3
0.5114583462476731,3,0.4093176624056456,55.041540908813474,147.3493793487549,202.39092025756835,0.0885,540,58.0
0.4822916805744171,3,0.42289643332349175,67.7343339920044,163.2188232421875,230.9531578063965,0.0918,560,59.7
0.4864583477377892,3,0.43628791277242085,64.89316473007202,144.63235511779786,209.52552185058593,0.0951,580,61.3
0.49479168355464936,3,0.4494888765779814,77.70593814849853,123.81167221069336,201.51761322021486,0.0984,600,63.0
0.4867424395951358,4,0.4654018665411446,75.152587890625,85.53573885830966,160.68832882967862,0.1017,620,66.2
0.5072916865348815,4,0.475307825742785,36.345055723190306,58.38874282836914,94.73379917144776,0.1049,640,68.0
0.5031250178813934,4,0.48792081879026766,20.101168060302733,54.162061309814455,74.26322841644287,0.1082,660,69.8
0.5031250193715096,4,0.5003333037573822,29.567876768112182,46.99299488067627,76.5608720779419,0.1115,680,71.6
0.5041666895151138,4,0.5125434891590015,21.005786848068237,41.247567367553714,62.25335464477539,0.1148,700,73.4
0.5125000178813934,4,0.5245498560323731,25.613830947875975,32.367513275146486,57.98134441375733,0.1181,720,75.2
0.514583346247673,4,0.536351151833207,18.28187255859375,25.517123985290528,43.798996162414554,0.1214,740,76.9
0.4781250163912773,4,0.5479463838165402,17.530398893356324,22.770484018325806,40.30088319778442,0.1247,760,78.7
0.48645834922790526,4,0.5593348119523158,11.682678914070129,19.014828968048096,30.697508144378663,0.1279,780,80.4
0.5000000193715095,4,0.5705159414254038,13.500215411186218,15.817894554138183,29.3181095123291,0.1312,800,82.1
0.5078125223517418,5,0.5847483683212864,10.046931505203247,12.12891560792923,22.175846815109253,0.1345,820,85.6
0.5083333522081375,5,0.5922555036815209,13.475292921066284,9.605584287643433,23.08087739944458,0.1378,840,87.4
0.52291669100523,5,0.6028141005690031,9.654714465141296,6.605728173255921,16.260442590713502,0.1411,860,89.1
0.4968750193715096,5,0.6131657098677045,5.605721664428711,5.447332060337066,11.053053617477417,0.1444,880,90.8
0.5062500178813935,5,0.6233109391825344,3.5552024960517885,4.153157758712768,7.708360266685486,0.1476,900,92.6
0.5166666865348816,5,0.6332505902892354,3.391755974292755,3.984282612800598,7.376038599014282,0.1509,920,94.4
0.48854168206453324,5,0.6429856500393427,4.482033622264862,4.073674368858337,8.555708050727844,0.1542,940,96.2
0.49166668206453323,5,0.6525172812069387,4.3658143997192385,3.762595736980438,8.128410148620606,0.1575,960,98.0
0.494791679084301,5,0.6618468133138483,3.552634298801422,3.3620857119560243,6.9147200107574465,0.1608,980,99.9
0.4822916805744171,5,0.6709757334677305,4.418840742111206,3.323782002925873,7.742622828483581,0.1641,1000,101.6
0.5041666924953461,6,0.6832111419922647,4.7559257507324215,3.5142613887786864,8.270187187194825,0.1674,1020,105.1
0.4645833492279053,6,0.688638419650314,3.435710084438324,3.6139161586761475,7.049626278877258,0.1706,1040,106.9
0.4885416805744171,6,0.6971758661747508,3.9590649604797363,3.7796086192131044,7.73867359161377,0.1739,1060,108.7
0.48437501341104505,6,0.7055200439871157,3.373382544517517,4.297184574604034,7.670567154884338,0.1772,1080,110.5
0.4875000149011612,6,0.7136730932722697,5.074071621894836,4.900844132900238,9.974915742874146,0.1805,1100,112.2
0.46875001192092897,6,0.7216372587427362,4.437204313278198,7.058962595462799,11.496166849136353,0.1838,1120,114.0
0.5177083566784859,6,0.7294148813403505,4.858562386035919,9.924418759346008,14.782981204986573,0.1871,1140,115.8
0.4812500149011612,6,0.7370083901446571,6.4568870067596436,17.060053396224976,23.516940355300903,0.1903,1160,117.6
0.48333334773778913,6,0.7444202945024496,18.96307029724121,30.142480754852294,49.105550575256345,0.1936,1180,119.5
0.5166666835546494,6,0.7516531763908469,26.491884851455687,40.23300104141235,66.72488594055176,0.1969,1200,121.2
0.53125,7,0.7618354006116387,39.607017517089844,53.65510368347168,93.26212310791016,0.2002,1220,124.6
0.5281250193715096,7,0.76559251971504,38.46938180923462,58.04944343566895,96.51882438659668,0.2035,1240,126.4
0.5000000208616256,7,0.7723044429915061,48.16286392211914,89.02092666625977,137.18379096984864,0.2068,1260,128.1
0.5020833477377892,7,0.7788482539842191,97.2984790802002,146.64585342407227,243.94433135986327,0.2101,1280,129.9
0.5260416761040687,7,0.7852267920788802,124.84826698303223,166.2775131225586,291.12578125,0.2133,1300,131.6
0.5083333492279053,7,0.7914429288416148,69.23613471984864,144.7262981414795,213.9624336242676,0.2166,1320,133.5
0.5135416805744171,7,0.7974995622167016,175.7609691619873,190.43901596069335,366.19998321533205,0.2199,1340,135.2
0.5177083536982536,7,0.8033996109968642,56.53264741897583,58.57631769180298,115.1089641571045,0.2232,1360,137.0
0.5177083536982536,7,0.8091460095649798,18.74675085544586,20.133705615997314,38.88045625686645,0.2265,1380,138.8
0.5250000193715095,7,0.8147417029050613,5.769187474250794,7.15544958114624,12.924637174606323,0.2298,1400,140.5
0.5125000134110451,7,0.8201896418794574,6.090167891979218,10.604656887054443,16.694824743270875,0.233,1420,142.3
0.4703947525275381,8,0.8256241034074953,10.032223048963045,23.906348479421514,33.93857122722425,0.2363,1440,145.7
0.49166668206453323,8,0.8306540630673045,26.562523317337035,42.06206283569336,68.62458591461181,0.2396,1460,147.4
0.5114583507180214,8,0.8356764375365785,24.444993495941162,39.267394351959226,63.71238746643066,0.2429,1480,149.2
0.49062501788139345,8,0.8405628344981435,45.88188214302063,52.2159649848938,98.09784736633301,0.2462,1500,150.9
0.5177083522081375,8,0.8453161723723825,23.7666654586792,34.50201683044433,58.26868228912353,0.2495,1520,152.7
0.4854166880249977,8,0.849939352448809,22.755062890052795,31.57553367614746,54.33059663772583,0.2528,1540,154.4
0.5072916850447655,8,0.854435255883425,23.707780122756958,20.02551770210266,43.73329792022705,0.256,1560,156.1
0.49375001192092893,8,0.8588067409154281,15.22729367017746,9.798349213600158,25.025642967224123,0.2593,1580,157.8
0.5260416820645333,8,0.8630566402957308,4.8528310537338255,4.663071060180664,9.5159019947052,0.2626,1600,159.7
0.5166666820645333,8,0.8671877589195642,3.4736204504966737,3.595204222202301,7.068824720382691,0.2659,1620,161.3
0.5039062649011612,9,0.8715998032977113,4.689395502209663,5.794710874557495,10.484106361865997,0.2692,1640,164.7
0.47395834475755694,9,0.875104721361828,82.7182561635971,152.46679425239563,235.1850486755371,0.2725,1660,166.4
0.5177083477377892,9,0.8788960170857948,3105.6193061828612,3377.6362594604493,6483.255572509765,0.2757,1680,168.1
0.5010416761040688,9,0.8825794324320247,59437.32232208252,41509.609283447266,100946.93317260742,0.279,1700,169.7
0.4927083492279053,9,0.8861576040979774,37104.25405883789,14649.141735458374,51753.395840454104,0.2823,1720,171.4
0.49479167759418485,9,0.8896331305651662,147.22053425312043,44.488761520385744,191.70929689407347,0.2856,1740,173.1
0.5031250059604645,9,0.8930085709395682,1421.9396325349808,8508.637820243835,9930.577625083923,0.2889,1760,174.8
0.5218750089406967,9,0.8962864439334586,114627.08526306153,128810.53275146484,243437.61977539063,0.2922,1780,176.4
0.5,9,0.8994692269812138,49966.57901611328,283005.10322265624,332971.6804199219,0.2955,1800,178.2
0.514583346247673,9,0.9025593554817842,208910759.99375,128979075.0875,337889836.2,0.2987,1820,179.9
0.45673078298568726,10,0.9060772000768604,1747664.0192307692,814610.3629807692,2562274.3509615385,0.302,1840,183.2
0.5083333522081375,10,0.9084711765448439,119990.81508789063,64335.34770507812,184326.16303710936,0.3053,1860,184.9
0.5020833447575569,10,0.9112975245427701,1036.483753967285,1261.2941848754883,2297.7779327392577,0.3086,1880,186.6
0.5041666820645332,10,0.914040528124881,8889.801118469239,34248.93787841797,43138.73809814453,0.3119,1900,188.2
0.5031250134110451,10,0.9167024050963344,3377949.41796875,6269571.9421875,9647521.54765625,0.3152,1920,189.9
0.48854168206453324,10,0.9192853289571017,87501262.3,69162117.75,156663380.4,0.3184,1940,191.6
0.4968750149011612,10,0.921791428843161,5605090.313317871,1376390.7874542237,6981481.002685547,0.3217,1960,193.3
0.510416679084301,10,0.9242227895432231,160.08211851119995,32.31462551653385,192.39674297571182,0.325,1980,195.0
0.5031250089406967,10,0.9265814515855997,10.902170097827911,28.52296394109726,39.425133633613584,0.3283,2000,196.7
0.492708346247673,10,0.9288694113900429,862.6913956642151,1730.2912670135497,2592.982712554932,0.3316,2020,198.4
